Account Code,Account Name,Balance
1010,Cash - Operating Account,1124800
1020,Cash - Reserve Account,198000
1030,Petty Cash,2500
1110,Accounts Receivable - Trade,1842000
1120,Allowance for Doubtful Accounts,-124000
1210,Prepaid Insurance,42000
1220,Prepaid Rent,24000
1230,Other Prepaid Expenses,9800
1310,Office Equipment,247000
1320,Accumulated Depreciation - Equipment,-98500
1330,Furniture & Fixtures,62000
1340,Accumulated Depreciation - Furniture,-24900
1410,Security Deposits,45000
1510,Right-of-Use Asset - Office Lease,380000
2010,Accounts Payable - Trade,-618000
2020,Accrued Salaries & Wages,-201000
2030,Accrued Professional Fees,-52000
2040,Accrued Interest Payable,-8400
2110,Deferred Revenue,-142000
2210,Short-Term Bank Loan,-300000
2310,Lease Liability - Current Portion,-96000
2320,Lease Liability - Long Term,-284000
3010,Common Stock,-500000
3020,Additional Paid-In Capital,-1250000
3030,Retained Earnings,-582200
4010,Management Fee Revenue,-3124000
4020,Advisory Fee Revenue,-580000
4030,Performance Fee Revenue,-412000
5010,Salaries & Wages Expense,1396000
5020,Employee Benefits Expense,224000
5030,Payroll Tax Expense,118000
6010,Rent Expense,158400
6020,Utilities Expense,31200
6030,Office Supplies Expense,11800
6040,Telephone & Internet Expense,22800
6110,Professional Fees - Legal,118000
6120,Professional Fees - Audit,72000
6130,Professional Fees - Consulting,31000
6210,Travel & Entertainment Expense,44000
6220,Marketing & Business Development,127000
6310,Depreciation Expense,30800
6320,Right-of-Use Asset Amortization,76000
6410,Insurance Expense,41400
6420,Bank Charges & Fees,9200
6430,Miscellaneous Expense,8100
